LIB,Filename,Entry-point,add-key,taint-analysis,ept3,2-generatebpl,2-product,2-verify,ept7,2-s-generatebpl,2-s-product,2-s-verify,ept11,3-generatebpl,3-product,3-verify,ept15,3-s-generatebpl,3-s-product,3-s-verify,ept19,1+2-addkey,1+2-taint-analysis,1+2-generatebpl,1+2-product,1+2-verify,ept25,1+2-s-addkey,1+2-s-taint-analysis,1+2-s-generatebpl,1+2-s-product,1+2-s-verify,ept31,1+3-addkey,1+3-taint-analysis,1+3-generatebpl,1+3-product,1+3-verify,ept37,1+3_s-addkey,1+3_s-taint-analysis,1+3_s-generatebpl,1+3_s-product,1+3_s-verify,ept43,ept9
OpenSSL,tls1_cbc,remove_padding,0.0184607505798339,0.0599191188812255,,1.1262428760528564,5.253380537033081,0.9167277812957764,,1.1472480297088623,5.410069942474365,0.9509875774383544,,1.1521577835083008,5.383415699005127,0.960186004638672,,1.148536205291748,5.407862424850464,0.952648401260376,,0.0109102725982666,0.0520200729370117,1.2431635856628418,5.221289873123169,0.8880963325500488,,0.0132019519805908,0.0451269149780273,1.2837727069854736,5.413115739822388,0.9248762130737304,,0.0194575786590576,0.0509748458862304,1.2403149604797363,5.403169870376587,0.9145851135253906,,0.0201351642608642,0.0567736625671386,1.2802884578704834,5.39426326751709,0.9272506237030028,,
OpenSSL,ssl3_cbc,digest_record,0.0315644741058349,1.3000702857971191,,2.845690488815308,11.045700073242188,10.004536151885986,,2.802501916885376,11.349076986312866,11.511940240859984,,2.7857179641723637,11.393848657608032,12.557899951934814,,2.824904203414917,11.201029300689695,21.812462329864506,,0.0224220752716064,1.0947296619415283,3.8570034503936768,11.778492212295532,8.40280032157898,,0.0276453495025634,1.2851965427398682,3.906609296798706,12.108305215835571,8.827224016189575,,0.0254900455474853,1.3381588459014893,3.7826008796691895,12.168291568756104,9.172131538391112,,0.0296201705932617,1.2600457668304443,3.8772027492523193,12.206429719924929,9.13136100769043,,
OpenSSL,ssl3_cbc,remove_padding,0.0125703811645507,0.0422627925872802,,1.0828981399536133,4.986009836196899,0.829068660736084,,1.114197015762329,5.3152244091033936,0.907712697982788,,1.0864222049713137,5.240196943283081,0.9239404201507568,,1.0906360149383545,5.452913522720337,0.8908994197845459,,0.0078649520874023,0.0297982692718505,1.101823091506958,5.045140743255615,0.8681609630584717,,0.0080523490905761,0.0373644828796386,1.1241886615753174,5.307514905929565,0.883603572845459,,0.0157833099365234,0.0327174663543701,1.107041358947754,5.176388740539551,0.888908863067627,,0.007354736328125,0.052401065826416,1.1038002967834473,5.334458827972412,0.8728623390197754,,
OpenSSL,ssl3_cbc,copy_mac,0.0149827003479003,0.0441055297851562,,1.1053528785705566,5.053670883178711,0.8998215198516846,,1.1395492553710938,5.437359094619751,0.939756155014038,,1.1145741939544678,5.38965106010437,1.3821697235107422,,1.0914738178253174,5.245347261428833,1.003577709197998,,0.0065290927886962,0.0389158725738525,1.111311912536621,5.1106321811676025,0.9039268493652344,,0.0075604915618896,0.0437688827514648,1.130141019821167,5.293506145477295,0.9237074851989746,,0.0078871250152587,0.0378775596618652,1.1315481662750244,5.450196027755737,0.9889116287231444,,0.0083813667297363,0.0401785373687744,1.1212787628173828,5.304476499557495,0.9320354461669922,,
MEE-CBC,mee-cbc,mee_cbc,0.0373651981353759,1.7391364574432373,,4.648314714431763,17.871559619903564,43.00300121307373,,4.609234094619751,18.20614790916443,57.27602744102478,,4.60428786277771,18.431707859039307,111.68670535087584,,4.568725347518921,18.19375443458557,182.0095820426941,,0.0651302337646484,1.3785998821258545,6.687095880508423,21.136494398117065,25.12751030921936,,0.0474293231964111,1.7521398067474363,6.505245208740234,21.794482231140137,36.94033694267273,,0.0381841659545898,1.1316518783569336,6.492860555648804,21.357196807861328,32.49473786354065,,0.0433554649353027,1.7406127452850342,6.334810018539429,21.222182035446167,31.74513554573059,,
hacl,HMAC,Hacl_HMAC_compute_sha2_256,0.4530060291290283,124.726078748703,,,,,,,,,,,,,,,,,,0.3657500743865967,108.429452419281,25.30294609069824,23.878120183944706,0.7496190071105957,,,,,,,,0.4514904022216797,121.385409116745,24.443675994873047,24.57366180419922,0.9009408950805664,,,,,,,,
hacl,HMAC,Hacl_HMAC_compute_blake2b_32,0.448312759399414,183.0955047607422,,,,,,,,,,,,,,,,,,0.3697445392608642,177.11089634895325,207.68081712722775,70.47849798202515,1.4411475658416748,,,,,,,,0.4471199512481689,178.65077662467957,231.55248308181763,71.60995864868164,1.663848638534546,,,,,,,,
hacl,HMAC,Hacl_HMAC_legacy_compute_sha1,0.4384386539459228,215.5195407867432,,,,,,,,,,,,,,,,,,0.3525032997131347,104.0455677509308,3.6343562602996826,7.125876903533936,0.4802572727203369,,,,,,,,0.3935661315917969,132.49808311462402,3.484583854675293,6.7430946826934814,0.4754281044006347,,,,,,,,
hacl,HMAC,Hacl_HMAC_compute_blake2s_32,0.3982093334197998,196.82424902915955,,,,,,,,,,,,,,,,,,0.4217941761016845,169.29088425636292,121.95864033699036,54.00118923187256,1.5791871547698977,,,,,,,,0.3928823471069336,175.51306104660034,138.5725531578064,52.81493616104126,1.2911100387573242,,,,,,,,
hacl,HMAC,Hacl_HMAC_compute_sha2_384,0.3573319911956787,115.31039953231812,,,,,,,,,,,,,,,,,,0.4041626453399658,108.78419232368468,44.025336027145386,31.20979380607605,1.137250900268555,,,,,,,,0.3487551212310791,116.32468700408936,34.72533559799194,30.898601293563843,0.9355230331420898,,,,,,,,
hacl,HMAC,Hacl_HMAC_compute_sha2_512,0.3512425422668457,116.68110585212708,,,,,,,,,,,,,,,,,,0.4344363212585449,122.41584753990172,35.001163959503174,30.22812557220459,1.181814670562744,,,,,,,,0.358478307723999,116.45071077346802,32.88670039176941,29.705514907836918,0.8962821960449219,,,,,,,,
HACL,ChaCha20,Hacl_Chacha20_chacha20_decrypt,0.0176231861114501,0.1173944473266601,,1.650496482849121,6.927226305007935,18.979346990585327,,1.6803922653198242,6.990174770355225,28.855560779571533,,1.5884795188903809,6.954487085342407,21.96302795410156,,1.6127331256866455,6.968281507492065,246.29741311073303,,0.0163362026214599,0.100562572479248,1.76515531539917,6.847324848175049,17.070156574249268,,0.0171771049499511,0.1024680137634277,1.724148511886597,6.9063568115234375,20.668052911758423,,0.0244247913360595,0.1074514389038086,1.74772047996521,6.736726760864258,18.6487033367157,,0.021989107131958,0.1082942485809326,1.8433260917663572,6.719026565551758,19.63956952095032,,
HACL,ChaCha20,Hacl_Chacha20_chacha20_encrypt,0.014204978942871,0.1290431022644043,,1.637166976928711,7.164280414581299,19.849292039871216,,1.5792818069458008,7.09870719909668,25.24464726448059,,1.5972063541412354,6.889081716537476,22.16259980201721,,1.611283540725708,6.875016212463379,74.15488886833191,,0.0133631229400634,0.1209552288055419,1.8089616298675537,6.87895131111145,17.477814197540283,,0.0129997730255126,0.1236610412597656,1.7510473728179932,6.846775054931641,20.0573468208313,,0.0186128616333007,0.1270103454589843,1.7524352073669434,6.867262601852417,18.48267865180969,,0.0195498466491699,0.1182696819305419,1.794729471206665,6.906642436981201,19.23802065849304,,
HACL,Curve25519-64,Hacl_Curve25519_64_ecdh,0.0262749195098876,0.0798010826110839,,1.455726146697998,5.983116865158081,1.523712396621704,,1.4401321411132812,5.86945652961731,1.553647518157959,,1.423159122467041,5.953819036483765,1.560401439666748,,1.4461970329284668,5.916144847869873,1.5243337154388428,,0.015704870223999,0.0878481864929199,1.5728979110717771,6.176450729370117,1.3994011878967283,,0.0232157707214355,0.0793013572692871,1.479395627975464,5.849697589874268,1.386747121810913,,0.0275309085845947,0.0789175033569336,1.480560302734375,5.901722192764282,1.388371229171753,,0.016038179397583,0.0759620666503906,1.5398526191711426,5.89796781539917,1.4120428562164309,,
HACL,Curve25519-64,Hacl_Curve25519_64_scalarmult,0.0115299224853515,0.0758664608001709,,1.4445090293884275,5.921422719955444,1.4619591236114502,,1.4127848148345947,5.875188112258911,1.513087511062622,,1.4320266246795654,5.936431646347046,1.539283037185669,,1.4284145832061768,5.841533660888672,1.530501127243042,,0.0162301063537597,0.0747115612030029,1.4578065872192385,5.878130435943604,1.4105236530303955,,0.0153698921203613,0.0866515636444091,1.4424066543579102,5.998111724853516,1.5246295928955078,,0.0146739482879638,0.0747132301330566,1.460615634918213,5.956916332244873,1.4404172897338867,,0.0180873870849609,0.0736713409423828,1.5110421180725098,5.823052883148193,1.4523682594299316,,
HACL,Curve25519-64,Hacl_Curve25519_64_secret_to_public,0.0183725357055664,0.0806586742401123,,1.422046184539795,5.955747604370117,1.4491565227508545,,1.4263453483581543,6.174950838088989,1.6823780536651611,,1.3896584510803225,6.2114338874816895,1.6589014530181885,,1.4239072799682615,6.151535511016846,1.7352633476257324,,0.0151939392089843,0.0794050693511962,1.47873854637146,5.96213436126709,1.4424035549163818,,0.0179486274719238,0.0755469799041748,1.517744779586792,6.221881628036499,1.4971771240234375,,0.0109972953796386,0.0941255092620849,1.507009744644165,6.101865291595459,1.4977741241455078,,0.0145027637481689,0.0729618072509765,1.4764184951782229,6.104681730270386,1.4613051414489746,,
HACL,Poly1305,Hacl_Poly1305_32_poly1305_mac,0.027501106262207,0.0679810047149658,,1.547252893447876,6.154618501663208,1.179675579071045,,1.5710563659667969,6.242410659790039,1.2733266353607178,,1.538251876831055,6.237471580505371,1.5047307014465332,,1.542046308517456,6.258538722991943,1.865135908126831,,0.0171875953674316,0.0692579746246337,1.6594586372375488,6.044932842254639,1.22529935836792,,0.0246086120605468,0.0648248195648193,1.6377086639404297,6.17594575881958,1.1822571754455566,,0.0126099586486816,0.0700464248657226,1.642082452774048,6.151867628097534,1.110733985900879,,0.0156333446502685,0.0696611404418945,1.6770401000976562,6.088373184204102,1.1757667064666748,,
HACL,Poly1305,Hacl_Poly1305_128_poly1305_mac,0.0079209804534912,0.0350599288940429,,1.1001617908477783,5.034902334213257,0.857457160949707,,1.0736474990844729,5.103703498840332,0.8481638431549072,,1.0577161312103271,5.134608268737793,0.8588204383850098,,1.0907258987426758,5.02424430847168,0.8564457893371582,,0.0083620548248291,0.0296876430511474,1.0342075824737549,5.036869287490845,0.8344805240631104,,0.0072906017303466,0.0297491550445556,1.0487940311431885,5.18280816078186,0.8405604362487793,,0.0087521076202392,0.0369846820831298,1.0606966018676758,5.03615927696228,0.8116874694824219,,0.0086321830749511,0.0371677875518798,1.045802354812622,5.090070486068726,0.8352396488189697,,
HACL,Poly1305,Hacl_Poly1305_256_poly1305_mac,0.0064458847045898,0.0317041873931884,,1.0693769454956057,5.012510299682617,0.7986981868743896,,1.0580298900604248,4.984594345092773,0.8376104831695557,,1.0602762699127195,5.019186019897461,0.8500959873199463,,1.024780035018921,5.025012254714966,0.8666441440582275,,0.0076103210449218,0.0283913612365722,1.0228538513183594,5.499622583389282,0.8237884044647217,,0.0072288513183593,0.0394790172576904,1.04764723777771,5.005758762359619,0.8509576320648193,,0.0049858093261718,0.0361526012420654,1.058868646621704,5.001161813735962,0.8605942726135254,,0.0062229633331298,0.0352041721343994,1.0736076831817627,4.994232177734375,0.8578710556030273,,
hacl,curve25519-51,Hacl_Curve25519_51_ecdh,0.036586046218872,0.6124117374420166,,,,,,,,,,,,,,,,,,0.033109426498413,0.6633241176605225,4.905959844589233,20.48451852798462,13450.595628976822,,,,,,,,0.033437967300415,0.6162068843841553,4.762248516082764,18.94365882873535,11490.951168060305,,,,,,,,
hacl,curve25519-51,Hacl_Curve25519_51_scalarmult,0.0349936485290527,0.5857186317443848,,,,,,,,,,,,,,,,,,0.0357642173767089,0.6300003528594971,4.732136964797974,19.363370656967163,9804.70494890213,,,,,,,,0.0365402698516845,0.6022260189056396,4.613674879074097,18.617436170578003,11282.392539024351,,,,,,,,
hacl,curve25519-51,Hacl_Curve25519_51_secret_to_public,0.0309231281280517,0.58412766456604,,,,,,,,,,,,,,,,,,0.0320689678192138,0.5978326797485352,4.58722448348999,19.5015721321106,9943.102454423904,,,,,,,,0.0353398323059082,0.614922285079956,4.7073376178741455,19.191606998443604,11315.473841905594,,,,,,,,
curve25519-donna,portable-c,curve25519_donna,0.0312457084655761,0.5557680130004883,,1.8708243370056152,11.054982900619509,3661.524621486664,,1.9498076438903809,11.564416408538818,3823.574756383896,,1.9567646980285645,11.525211811065674,3688.047492980957,,1.910932540893555,10.75906777381897,3762.700949907303,,0.0198090076446533,0.5305590629577637,2.3606927394866943,11.33933711051941,65.43734741210938,,0.0309345722198486,0.555016040802002,2.4184272289276123,12.017794370651243,74.13180208206177,,0.0326185226440429,0.606959342956543,2.4473140239715576,11.571651697158812,86.90269184112549,,0.0270836353302001,0.5571906566619873,2.421706199645996,11.052779197692873,87.40830397605896,,
curve25519-donna,c64,curve25519_donna,0.0483214855194091,13.541140794754028,,7.227395296096802,18.220362186431885,5.181680202484131,,7.227382183074951,18.47025895118713,14.58575439453125,,7.4118852615356445,18.437594652175903,7.330428600311279,,7.169947862625122,17.915554523468018,49.303600788116455,,0.0453746318817138,10.847238063812256,9.27411961555481,18.078834772109985,4.260372161865234,,0.053455114364624,13.47912049293518,9.504390001296995,18.634149312973022,4.142789125442505,,0.0469923019409179,11.486022472381592,9.586104393005373,17.923826456069946,3.958514928817749,,0.0514595508575439,13.46628737449646,9.615538597106934,17.974399089813232,3.990711688995361,,
BearSSL,AES_small,decrypt,0.0225791931152343,0.0765800476074218,,1.28971266746521,6.172343969345093,1.1837635040283203,,1.2857296466827393,6.123172044754028,1.2215640544891355,,1.3491878509521484,6.207783937454224,1.262248992919922,,1.2962439060211182,6.247203350067139,1.370335578918457,,0.0164017677307128,0.0753483772277832,1.368898630142212,5.847208261489868,1.1976542472839355,,0.020167589187622,0.0750575065612793,1.3358948230743408,6.193606615066528,1.1396887302398682,,0.0180110931396484,0.0769150257110595,1.32448410987854,6.129274129867554,1.1954493522644043,,0.0206453800201416,0.0685353279113769,1.3116302490234375,6.13439679145813,1.1512627601623535,,
BearSSL,AES_small,encrypt,0.0192012786865234,0.0739812850952148,,1.3317413330078125,5.312772035598755,0.9482645988464355,,1.2734928131103516,5.319273948669434,0.9516026973724364,,1.2719171047210691,5.333893060684204,1.0002660751342771,,1.285278558731079,5.3399271965026855,1.060882568359375,,0.0148427486419677,0.0742256641387939,1.320446491241455,5.278093338012695,0.9324252605438232,,0.0195648670196533,0.0732829570770263,1.2853047847747805,5.365582704544067,0.9241795539855956,,0.0217742919921875,0.0667121410369873,1.312910079956055,5.348191738128662,0.9396696090698242,,0.01336669921875,0.0741500854492187,1.3005385398864746,5.345224380493164,0.9291632175445556,,
BearSSL,ChaCha20_ct,run,0.0161185264587402,0.0922775268554687,,1.2419145107269287,6.686119794845581,1.241863489151001,,1.2523550987243652,6.6880950927734375,1.252222776412964,,1.2352688312530518,6.730523109436035,1.2886075973510742,,1.232372522354126,6.650171995162964,1.6063554286956787,,0.0113296508789062,0.0923657417297363,1.455540895462036,6.580163240432739,1.1594576835632324,,0.0138146877288818,0.0979173183441162,1.4521715641021729,6.597365856170654,1.152378797531128,,0.0122010707855224,0.0934100151062011,1.4388823509216309,6.618318319320679,1.1111931800842283,,0.0152289867401123,0.0901417732238769,1.388479709625244,6.533089637756348,1.100661039352417,,
BearSSL,GHASH_ctmul32,br_ghash_ctmul,0.018477439880371,0.218325138092041,,1.3677313327789309,6.454915285110474,1.353844165802002,,1.3013637065887451,6.267460346221924,1.3442144393920898,,1.3213272094726562,6.276439905166626,1.4461328983306885,,1.336385726928711,6.322920799255371,1.8273093700408936,,0.0110816955566406,0.1936862468719482,1.3830032348632812,6.403211832046509,1.332887887954712,,0.017221450805664,0.2178335189819336,1.3963613510131836,6.30701208114624,1.293199062347412,,0.0183713436126709,0.2089600563049316,1.3842048645019531,6.242411851882935,1.2900571823120115,,0.0232796669006347,0.2008678913116455,1.3948945999145508,6.270508289337158,1.3055732250213623,,
BearSSL,rsa_i15,decrypt,0.0262684822082519,0.3165602684020996,,1.8602113723754885,7.242402791976929,6.2027130126953125,,1.8252756595611568,7.515560388565063,6.552425622940064,,1.7838973999023438,7.557449340820312,12.748400449752808,,1.7583749294281006,7.400372266769409,11.621556758880615,,0.0207719802856445,0.3358783721923828,2.2110602855682373,7.678663492202759,6.719028234481812,,0.019930362701416,0.3144927024841308,2.2477684020996094,7.651577472686768,6.7677435874938965,,0.0233418941497802,0.3184611797332763,2.24253249168396,7.639267444610596,8.48463249206543,,0.0246438980102539,0.3294131755828857,2.211034774780273,7.659281730651855,9.808887004852297,,
BearSSL,EC_p256_m15,api_mul,0.0361196994781494,23.858821868896484,,2.80555272102356,17.670244693756104,4293.309640645981,,2.8453385829925537,17.3924777507782,2952.6146941185,,2.799644947052002,17.644238710403442,5611.804853916168,,2.794027090072632,17.29632568359375,3346.3826444149017,,0.0302662849426269,23.21245074272156,4.17190408706665,18.10790205001831,1549.3725576400757,,0.0378191471099853,25.32309627532959,4.01949143409729,19.52515292167664,2035.0935747623444,,0.0315794944763183,24.001384496688843,4.087517023086548,19.16630506515503,2072.0571718215942,,0.0339689254760742,23.81727170944214,4.137187242507935,18.892662048339844,1317.1269030570984,,
BearSSL,EC_p256_m31,api_mul,0.0267155170440673,0.5098094940185547,,1.919360637664795,11.870109558105469,1019.0642201900482,,1.890148401260376,10.900320291519163,598.7750036716461,,1.8404359817504885,10.789584875106812,3887.630515098572,,1.8571577072143557,11.059153079986572,3081.5910079479218,,0.0210382938385009,0.4241728782653808,2.268522024154663,10.62182879447937,209.3720710277557,,0.0321347713470459,0.4461750984191894,2.25270676612854,11.161786317825316,193.42151737213132,,0.0302126407623291,0.4775512218475342,2.315566062927246,10.93395471572876,258.1134207248688,,0.0311119556427001,0.4385788440704345,2.293983697891236,10.933566093444824,267.674001455307,,
BearSSL,EC_p256_m64,api_mul,0.0258238315582275,0.2037861347198486,,1.9084608554840088,10.03656005859375,237.8604340553284,,1.793022394180298,9.446484804153442,335.00396180152893,,1.783405303955078,9.064740419387816,783.9452679157257,,1.8054490089416504,9.459453344345093,1389.1117610931396,,0.0197997093200683,0.1862726211547851,2.197485446929932,9.483421087265016,61.06653618812561,,0.0204024314880371,0.1949281692504882,2.171075820922852,9.18112850189209,80.98448753356934,,0.0249035358428955,0.2056725025177002,2.214242935180664,9.317144632339478,78.98634004592896,,0.0262224674224853,0.2009780406951904,2.1839301586151123,9.65859866142273,78.32940149307251,,
BearSSL,GHASH_ctmul64,br_ghash_ctmul,0.021371841430664,0.0466201305389404,,1.1111369132995603,5.131022930145264,1.0855751037597656,,1.1524145603179932,5.390856504440308,1.0986363887786863,,1.1676325798034668,5.373472929000855,1.1067261695861816,,1.156571865081787,5.380754232406616,1.137596607208252,,0.0109636783599853,0.0370333194732666,1.2456176280975342,5.127304553985596,1.0784504413604736,,0.0159411430358886,0.0456602573394775,1.2633976936340332,5.440289974212647,1.1027657985687256,,0.0115773677825927,0.0449514389038085,1.2956209182739258,5.415606260299683,1.116549015045166,,0.016228437423706,0.0493292808532714,1.2298355102539062,5.409470558166504,1.1352643966674805,,
BearSSL,AES_ct,bitslice_encrypt,0.0141294002532958,0.0537447929382324,,1.2892553806304932,5.323161602020264,1.0548310279846191,,1.2775213718414309,5.51220440864563,1.038076400756836,,1.3138253688812256,5.477554321289063,0.9979703426361084,,1.322903394699097,5.512719631195068,1.0667800903320312,,0.0124330520629882,0.0560798645019531,1.3494126796722412,5.307744979858398,0.9377825260162354,,0.0253071784973144,0.0637621879577636,1.3549504280090332,5.362535238265991,0.9671707153320312,,0.0157501697540283,0.0549650192260742,1.379908561706543,5.498541831970215,0.9621267318725586,,0.0187776088714599,0.0598697662353515,1.3603579998016355,5.459666967391968,0.92755126953125,,
BearSSL,AES_ct,bitslice_decrypt,0.0111112594604492,0.0649299621582031,,1.326725721359253,5.519502639770508,1.043278694152832,,1.383025884628296,5.745174646377564,1.1164028644561768,,1.3715434074401855,5.739174842834473,1.104579210281372,,1.372349977493286,5.766277313232422,1.1894259452819824,,0.0166010856628417,0.0607304573059082,1.4324262142181396,5.5061118602752686,1.0345029830932615,,0.0175797939300537,0.0606036186218261,1.4037654399871826,5.606921672821045,1.0458261966705322,,0.0191962718963623,0.054412841796875,1.3985400199890137,5.706593751907349,1.0328843593597412,,0.0092804431915283,0.0528242588043212,1.3933377265930176,5.745435476303101,1.0087008476257324,,
BearSSL,AES_ct,key_sched,0.0177600383758544,0.0621821880340576,,1.3363218307495115,5.5860371589660645,1.2830209732055664,,1.398451328277588,5.816936731338501,1.5996441841125488,,1.3258650302886963,5.873269557952881,1.4609475135803225,,1.3495914936065674,5.783484697341919,1.666990041732788,,0.0108749866485595,0.058302879333496,1.4500901699066162,5.661315441131592,1.2007875442504885,,0.0185229778289794,0.0714063644409179,1.4464809894561768,5.723401069641113,1.2086119651794434,,0.0101654529571533,0.070549726486206,1.390695333480835,5.824559688568115,1.201918601989746,,0.0085270404815673,0.0628635883331298,1.4409115314483645,5.803478956222534,1.221705436706543,,
BearSSL,AES_big_cbc,key_schedule,0.0201098918914794,0.0647768974304199,,1.1755404472351074,5.516729116439819,1.0062124729156494,,1.16056489944458,5.6996002197265625,1.0296494960784912,,1.1363012790679932,5.756113290786743,1.1327497959136963,,1.122398853302002,5.752182483673096,1.1475987434387207,,0.01784348487854,0.0674893856048584,1.1801748275756836,5.501422643661499,1.0033013820648191,,0.0220348834991455,0.0617885589599609,1.1543200016021729,5.685558795928955,1.037506341934204,,0.0179023742675781,0.0587425231933593,1.1867501735687256,5.683381080627441,1.074845314025879,,0.0184035301208496,0.0610196590423584,1.1608693599700928,5.622874736785889,1.1209192276000977,,
BearSSL,AES_big_cbc,decrypt,0.0166730880737304,0.0834851264953613,,1.2181220054626465,6.614926099777222,1.3178234100341797,,1.214405536651611,6.866901397705078,1.4394967555999756,,1.2134873867034912,6.954283714294434,1.4477078914642334,,1.2019364833831787,6.917510271072388,1.5008199214935305,,0.0181102752685546,0.0819013118743896,1.3359906673431396,6.545955896377564,1.326827049255371,,0.0190985202789306,0.0810098648071289,1.328142166137695,6.900091171264648,1.381331205368042,,0.0189030170440673,0.0766177177429199,1.325190544128418,6.867638111114502,1.4940052032470703,,0.0130763053894042,0.0820779800415039,1.327479600906372,6.907516002655029,1.4623620510101318,,
BearSSL,AES_big_cbc,encrypt,0.0113110542297363,0.080883502960205,,1.215037822723389,6.629772186279297,1.331686019897461,,1.2119884490966797,6.777674436569214,1.426562786102295,,1.2301509380340576,6.855875253677368,1.4210152626037598,,1.1812965869903564,6.889616966247559,1.4737513065338137,,0.018775463104248,0.076981782913208,1.3670296669006348,6.546927452087402,1.3424875736236572,,0.0114636421203613,0.0853781700134277,1.3187644481658936,6.768778800964356,1.4048640727996826,,0.012305736541748,0.0833487510681152,1.414909839630127,6.829766035079956,1.47527813911438,,0.0199692249298095,0.0883922576904296,1.3110623359680176,6.803627252578735,1.4730167388916016,,
BearSSL,RSA_i15_pkcs1,sign,0.0186975002288818,0.2975156307220459,,1.902651309967041,7.683088779449463,7.563579559326172,,1.818514347076416,7.550307989120483,12.992059707641602,,1.816183090209961,7.770101547241211,31.925933361053467,,1.8280737400054927,7.767843246459961,25.50260972976685,,0.0210671424865722,0.3063628673553467,2.331089973449707,7.7798237800598145,7.320088863372803,,0.0273666381835937,0.2988691329956054,2.313241004943848,7.99006462097168,7.087703227996826,,0.0238082408905029,0.2946135997772217,2.2513632774353027,7.874450922012329,32.660234212875366,,0.0239436626434326,0.301795482635498,2.3269546031951904,7.934908628463745,19.630075931549072,,
BearSSL,DES_table,cbc_decrypt,0.0143892765045166,0.0544381141662597,,1.2739458084106443,6.353299617767334,1.2025628089904783,,1.3059723377227783,6.563847541809082,1.4231114387512207,,1.281135320663452,6.746456861495972,1.3122596740722656,,1.313992261886597,6.630666971206665,1.478470802307129,,0.0101511478424072,0.0490717887878418,1.3233304023742676,6.384013652801514,1.248866081237793,,0.0106000900268554,0.0596716403961181,1.3337297439575195,6.468719482421875,1.245973825454712,,0.0190503597259521,0.0591146945953369,1.365791082382202,6.537003517150879,1.368051290512085,,0.0170135498046875,0.0530686378479003,1.3097074031829834,6.618751525878906,1.449308156967163,,
BearSSL,DES_table,cbc_encrypt,0.0147535800933837,0.0479257106781005,,1.2608509063720703,6.396307945251465,1.2257540225982666,,1.2582566738128662,6.5990891456604,1.3563876152038574,,1.2633025646209717,6.595821857452393,1.3300318717956543,,1.279449701309204,6.667631149291992,1.4912314414978027,,0.0110821723937988,0.0438313484191894,1.2862277030944824,6.212878465652466,1.186039686203003,,0.0138978958129882,0.0566139221191406,1.3474617004394531,6.514222621917725,1.2353217601776123,,0.0145699977874755,0.0538272857666015,1.337500810623169,6.553404569625855,1.4905829429626465,,0.0129432678222656,0.0471129417419433,1.3122475147247314,6.5815958976745605,1.5586190223693848,,
BearSSL,EC_25519_i15,api_mul,0.0278041362762451,0.0821943283081054,,1.507948637008667,6.820278167724609,8.514690160751343,,1.5049378871917725,6.99692702293396,9.333518743515016,,1.5256586074829102,7.023820400238037,21.86036705970764,,1.5109000205993652,6.996617794036865,10.410556316375732,,0.0121388435363769,0.0753655433654785,1.5765047073364258,6.75029444694519,6.9964988231658936,,0.0179090499877929,0.0793557167053222,1.583139419555664,6.858308553695679,7.832712173461914,,0.0214717388153076,0.0843453407287597,1.6266200542449951,6.902276515960693,7.555694341659546,,0.0271785259246826,0.0759811401367187,1.6125917434692385,6.802690982818604,7.477269172668457,,
BearSSL,RSA_i31_pkcs1,sign,0.024012804031372,0.3145403861999511,,1.8684303760528564,7.469876766204834,15.43772578239441,,1.9001951217651367,7.627699613571167,22.396170377731323,,1.8894262313842771,7.694884538650513,21.38449740409851,,1.9343571662902832,7.682658433914185,16.97397541999817,,0.0227172374725341,0.3083651065826416,2.3112776279449463,7.710560083389282,9.259148359298706,,0.0178525447845459,0.3204600811004638,2.352226972579956,7.957675218582153,10.509955167770386,,0.0258924961090087,0.3173167705535888,2.349959135055542,7.856579542160034,13.180381059646606,,0.0275588035583496,0.311342716217041,2.303819417953491,7.8692405223846436,18.11520767211914,,
BearSSL,Poly1305_i15_ChaCha20,run,0.0195777416229248,0.0910332202911377,,1.4024689197540283,6.894867897033691,2.05098032951355,,1.398149490356445,7.167853832244873,2.574453353881836,,1.3979942798614502,6.999940872192383,3.985417127609253,,1.4178378582000732,7.17207670211792,5.639562845230103,,0.0169456005096435,0.0927004814147949,1.4972877502441406,6.883570909500122,1.8125829696655276,,0.0205581188201904,0.0964384078979492,1.5126748085021973,6.965001106262207,1.874361753463745,,0.014254093170166,0.0934674739837646,1.5326979160308838,6.840353012084961,1.7936739921569824,,0.0159199237823486,0.0980246067047119,1.5724060535430908,6.778857946395874,1.7443952560424805,,
BearSSL,Poly1305_ctmul32_ChaCha20,run,0.0180587768554687,0.1339626312255859,,1.5342366695404053,7.299256086349487,2.487898588180542,,1.4952771663665771,7.572981834411621,3.452357769012451,,1.516185283660889,7.584869861602783,5.385886669158936,,1.488870620727539,7.532121181488037,14.597845554351808,,0.0135242938995361,0.1310276985168457,1.684504747390747,7.611227989196777,2.1722474098205566,,0.0167136192321777,0.1356351375579834,1.6819891929626465,7.586005687713623,2.2041797637939453,,0.0216190814971923,0.1375617980957031,1.6858007907867432,7.432805299758911,2.09621810913086,,0.01755952835083,0.136538028717041,1.664994716644287,7.456851005554199,2.116100311279297,,
BearSSL,EC_p256_m62,api_mul,0.0290391445159912,0.2397456169128418,,1.835407257080078,9.621760129928589,70.85280108451843,,1.8338227272033687,10.53682017326355,319.27932834625244,,1.858951568603516,10.027072191238403,965.3866438865662,,1.8358099460601809,9.875925540924072,1219.838330745697,,0.0219390392303466,0.2185850143432617,2.17098069190979,9.558474063873293,58.42263436317444,,0.0292396545410156,0.2302477359771728,2.271157741546631,10.143063068389893,76.80119752883911,,0.0210704803466796,0.2161417007446289,2.228114604949951,9.884670495986938,78.40222930908203,,0.026965856552124,0.2216622829437255,2.26712417602539,9.895530462265016,76.56904435157776,,
BearSSL,GHASH_ctmul,br_ghash_ctmul,0.0200791358947753,0.1088960170745849,,1.2498207092285156,5.894768476486206,1.1633341312408447,,1.30690598487854,5.90744423866272,1.130328893661499,,1.2802886962890625,5.892194509506226,1.224153995513916,,1.2959983348846436,5.97265100479126,1.2102692127227783,,0.0135233402252197,0.0952587127685546,1.3171603679656982,5.954399824142456,1.146540641784668,,0.025381326675415,0.1098091602325439,1.380903959274292,6.022738933563232,1.236414670944214,,0.014545202255249,0.1004059314727783,1.3470094203948977,6.020687818527222,1.2470715045928955,,0.0161182880401611,0.1010348796844482,1.3839094638824463,6.038527011871338,1.1994068622589111,,
BearSSL,AES_ct64,bitslice_encrypt,0.01625657081604,0.0631523132324218,,1.3117811679840088,5.335309743881226,1.0655114650726318,,1.3061203956604004,5.520580053329468,1.0546917915344238,,1.3018581867218018,5.594719409942627,1.0306344032287598,,1.3343021869659424,5.793734312057495,1.1477527618408203,,0.0102984905242919,0.0522270202636718,1.4062542915344238,5.342230081558228,0.9706597328186036,,0.0154051780700683,0.0587623119354248,1.3910529613494873,5.577099800109863,0.988056182861328,,0.02099609375,0.0661039352416992,1.4463276863098145,5.590886116027832,1.0090374946594238,,0.0130984783172607,0.058037519454956,1.3615069389343262,5.560983419418335,0.9889867305755616,,
BearSSL,AES_ct64,bitslice_decrypt,0.0142230987548828,0.0688624382019043,,1.3287913799285889,5.620270490646362,1.0588769912719729,,1.386255979537964,5.901683568954468,1.1154892444610596,,1.373708963394165,5.835039138793945,1.1972978115081787,,1.36017107963562,5.851596593856812,1.2165014743804932,,0.0184688568115234,0.062803030014038,1.4233362674713137,5.601762771606445,1.0327625274658203,,0.0186140537261962,0.0687441825866699,1.3811149597167969,5.780760288238525,1.0831563472747805,,0.0199840068817138,0.0621132850646972,1.4130733013153076,5.754133701324463,1.014265775680542,,0.0186612606048584,0.0655052661895752,1.4385695457458496,5.758915901184082,1.0245585441589355,,
BearSSL,AES_ct64,key_sched,0.0087511539459228,0.0494120121002197,,1.3881049156188965,5.884514570236206,1.3516833782196045,,1.429170846939087,6.232946872711182,1.498389720916748,,1.397416114807129,6.036697149276733,1.5011396408081057,,1.4334330558776855,6.025477886199951,2.24473237991333,,0.0143589973449707,0.0491647720336914,1.4699676036834717,5.771095514297485,1.2596418857574463,,0.0204286575317382,0.054617166519165,1.4517335891723633,6.066530704498291,1.2407188415527344,,0.0182993412017822,0.0515949726104736,1.5644207000732422,6.055620193481445,1.2466368675231934,,0.0127089023590087,0.0575292110443115,1.4205429553985596,5.964968681335449,1.2852747440338137,,
BearSSL,RSA_i32,decrypt,0.0236289501190185,0.1800599098205566,,1.5795323848724363,6.823539018630981,4.975309610366821,,1.573843240737915,6.991014003753662,5.2209460735321045,,1.596956491470337,6.92682671546936,5.450314521789551,,1.6056342124938965,6.962070226669312,7.856245756149292,,0.0199255943298339,0.1872391700744629,1.7624824047088623,7.024441480636597,4.965223789215088,,0.0206732749938964,0.1771740913391113,1.7421298027038574,6.968599557876587,5.109938621520996,,0.0168459415435791,0.1817266941070556,1.7244184017181396,6.9949119091033936,5.323427677154541,,0.0217683315277099,0.1780025959014892,1.7363362312316897,6.949728727340698,5.25531005859375,,
BearSSL,Poly1305_ctmul_ChaCha20,run,0.0238759517669677,0.1080703735351562,,1.5147640705108645,7.386467218399048,2.2343456745147705,,1.488431692123413,7.682928323745727,3.061162233352661,,1.4822635650634766,7.457565069198608,3.290282249450684,,1.4956347942352295,7.372145891189575,6.796817779541016,,0.0176975727081298,0.1070356369018554,1.6473345756530762,7.202622175216675,1.9852445125579836,,0.0226752758026123,0.0991740226745605,1.6641032695770264,7.255066156387329,2.008851766586304,,0.0249454975128173,0.1039650440216064,1.686291217803955,7.233615398406982,1.982884645462036,,0.0198848247528076,0.1029784679412841,1.659196376800537,7.1614532470703125,1.947787523269653,,
BearSSL,Poly1305_ctmulq_ChaCha20,run,0.0260472297668457,0.1552934646606445,,1.804269313812256,8.15346097946167,2.592297077178955,,1.8542001247406008,8.197269439697266,3.6555116176605225,,1.790295124053955,8.170907497406006,3.895632982254028,,1.775339126586914,8.156345129013062,15.696864128112791,,0.0190856456756591,0.1499321460723877,2.093933343887329,8.206115484237671,2.324787378311157,,0.0308239459991455,0.1527075767517089,2.083003520965576,8.217854976654053,2.4094955921173096,,0.0266268253326416,0.1549358367919922,2.088388442993164,8.161978006362915,2.352572202682495,,0.0275502204895019,0.1601765155792236,2.151787519454956,8.135772466659546,2.3272645473480225,,
BearSSL,DES_ct,cbc_decrypt,0.0237777233123779,0.0627253055572509,,1.4187283515930176,5.7816996574401855,1.0416419506072998,,1.3646419048309326,5.7668774127960205,1.1085476875305176,,1.3995161056518557,5.815037727355957,1.0463075637817385,,1.3911683559417725,5.8093907833099365,1.0798437595367432,,0.0122871398925781,0.0588352680206298,1.418506383895874,5.531736373901367,0.9931015968322754,,0.0190820693969726,0.0607669353485107,1.4945659637451172,5.851705312728882,1.0250401496887207,,0.0180275440216064,0.0534727573394775,1.4532780647277832,5.811736583709717,1.0291385650634766,,0.0183908939361572,0.062286376953125,1.4428250789642334,5.80852484703064,1.0215208530426023,,
BearSSL,DES_ct,cbc_encrypt,0.0151898860931396,0.0597944259643554,,1.3934211730957031,5.747463941574097,1.0293080806732178,,1.3784410953521729,5.931522607803345,1.0902328491210938,,1.373373031616211,6.0769593715667725,1.0635886192321775,,1.382856845855713,5.954553604125977,1.062305927276611,,0.0154166221618652,0.0583345890045166,1.4367377758026123,5.666780233383179,1.0693392753601074,,0.0205276012420654,0.0579578876495361,1.4798824787139893,5.905078172683716,1.028909683227539,,0.0152251720428466,0.0570917129516601,1.444256067276001,5.762033462524414,1.031747817993164,,0.0166001319885253,0.0524978637695312,1.4446678161621094,5.897513628005981,1.0302472114562988,,
Tongsuo,curve448,ossl_x448,0.0671513080596923,0.841181755065918,,2.0109822750091557,9.57121229171753,4332.627523183823,,2.396856546401977,9.494388580322266,5139.514327287674,,2.384953498840332,9.451322555541992,5062.264053344727,,2.3596677780151367,9.487430334091188,5154.306058168411,,0.0428695678710937,0.5401780605316162,2.353438377380371,9.108861923217772,698.524739742279,,0.0785808563232421,0.8484289646148682,2.355923175811768,9.222002506256104,1107.4324569702148,,0.0552923679351806,0.8394668102264404,2.4641120433807373,9.26355004310608,1372.4454953670502,,0.064521312713623,0.8539490699768066,2.480886697769165,9.21698832511902,1366.8200533390043,,
Tongsuo,curve448,derive_pub_key,0.0407691001892089,0.5589227676391602,,2.4216842651367188,12.219557523727415,5009.067316770554,,2.452018976211548,10.834003925323486,4789.712562799454,,2.3744070529937744,10.742185592651367,4691.495918512344,,2.3266727924346924,10.944462537765505,4769.458675861359,,0.045344591140747,0.5231747627258301,2.899585485458374,11.06198501586914,1067.7286837100985,,0.072657823562622,0.7596907615661621,3.1261603832244877,10.908296585083008,1145.3159174919128,,0.0423734188079834,0.5317676067352295,2.8382327556610107,10.7726411819458,1069.243827342987,,0.0549969673156738,0.5464823246002197,2.9495303630828857,10.818557024002075,1021.6108469963074,,
Tongsuo,AES,decrypt,0.0255799293518066,0.1449329853057861,,1.2614095211029053,9.504454612731934,2.173325300216675,,1.2533354759216309,9.324658155441284,2.7529501914978027,,1.2667229175567627,9.716439723968506,2.70212984085083,,1.2815730571746826,9.65318727493286,2.565325975418091,,0.0159888267517089,0.1342663764953613,1.415893316268921,9.026429891586304,2.365692377090454,,0.0278775691986084,0.1401526927947998,1.4163837432861328,9.374021053314207,2.53273606300354,,0.0380744934082031,0.1402006149291992,1.4080193042755127,9.451606273651125,2.556315898895264,,0.0345838069915771,0.1449294090270996,1.3975906372070312,9.259561777114868,2.653996706008911,,
Tongsuo,AES,encrypt,0.0192766189575195,0.1462171077728271,,1.257366180419922,8.962062358856201,1.9245343208312988,,1.3169960975646973,8.926911115646362,1.9443347454071045,,1.278364658355713,9.02287745475769,2.1781506538391118,,1.2979388236999512,8.987432718276978,2.176050901412964,,0.0185680389404296,0.1397311687469482,1.39052414894104,8.585381984710693,2.231638193130493,,0.0170459747314453,0.144366979598999,1.3899545669555664,8.649091482162476,2.362622022628784,,0.0220272541046142,0.150397777557373,1.3804190158843994,8.875038385391235,2.2516188621521,,0.0183382034301757,0.1384153366088867,1.3916749954223633,8.717053651809692,2.367133617401123,,
Tongsuo,constant_primitive,constant_time_lookup,0.0221173763275146,0.0408685207366943,,1.107165813446045,5.38838005065918,0.9633657932281494,,1.0728213787078855,5.408040761947632,0.8905198574066162,,1.1055362224578855,5.387484550476074,0.9312522411346436,,1.0719830989837646,5.345441102981567,0.9349982738494872,,0.0085091590881347,0.0291824340820312,1.079974889755249,5.166899919509888,0.8620076179504395,,0.0109589099884033,0.0341484546661376,1.104665756225586,5.360378742218018,0.8822863101959229,,0.014045238494873,0.0400872230529785,1.073753833770752,5.488489389419556,0.9235508441925048,,0.0114047527313232,0.039236307144165,1.119293451309204,5.385998487472534,0.9453964233398438,,
Tongsuo,curve25519,derive_pub_key,0.0628120899200439,0.3438262939453125,,2.626497745513916,49.98259711265564,82.47588419914246,,2.705139398574829,53.207000494003296,117.12133502960204,,2.646812438964844,54.38496899604797,120.21697115898132,,2.7440073490142822,56.45696711540222,673.1193470954895,,0.050081729888916,0.3023595809936523,3.0119824409484863,45.68750214576721,48.66981196403504,,0.0650632381439209,0.337383508682251,3.1065731048583984,47.92955803871155,64.99902606010437,,0.0625388622283935,0.3253936767578125,3.326945543289185,50.78907108306885,62.98272347450256,,0.0692214965820312,0.3424053192138672,3.457682609558105,48.50257873535156,74.86461043357849,,
Tongsuo,curve25519,ossl_x25519,0.0537309646606445,0.3576290607452392,,1.668086051940918,7.154690742492676,3.772801160812378,,1.6397318840026855,8.113922834396362,5.289881229400635,,1.6927411556243896,7.870682716369629,4.593433380126953,,1.6198718547821045,7.096923351287842,19.399084091186523,,0.0480291843414306,0.2912783622741699,1.7933485507965088,6.726347208023071,2.8498969078063965,,0.0727341175079345,0.3657650947570801,1.899036169052124,7.1193764209747314,3.52236270904541,,0.0614211559295654,0.3512783050537109,1.893404483795166,7.029264211654663,2.999908685684204,,0.0586550235748291,0.3312289714813232,2.1317615509033203,7.203873157501221,3.3032748699188232,,
Mbed-tls,RSA,decrypt,0.1842780113220214,80.78454828262329,,3.470190048217773,12.48754358291626,4906.702610969544,,3.9742953777313232,12.823880195617676,2577.677783727646,,3.876925230026245,12.194512128829956,3340.8995525836945,,3.8128161430358887,12.816131830215454,2041.443096160889,,0.1391279697418213,74.25365424156189,4.082643032073975,11.48348879814148,3143.793068885803,,0.1780159473419189,89.141348361969,6.264894008636475,13.34058666229248,3708.870041370392,,0.1754958629608154,82.72699904441833,4.097412586212158,11.891342401504517,3403.574615478516,,0.1631491184234619,88.40629959106445,4.35463285446167,12.016545534133911,5163.681565284729,,
Mbed-tls,AES,crypt_cbc,0.0335676670074462,1.4201581478118896,,1.7393717765808103,14.927883863449097,5.801543235778809,,1.840185642242432,14.912877082824709,6.000282526016235,,1.812326192855835,15.450721979141235,7.523116588592529,,1.7574512958526611,15.177285432815552,6.934089660644531,,0.0269887447357177,1.4311418533325195,1.938096046447754,14.614802598953249,7.150475263595581,,0.0301382541656494,1.4780244827270508,1.9821116924285889,14.394772052764893,7.036592483520508,,0.0276746749877929,1.4369995594024658,1.9880342483520508,14.593945741653442,7.137121200561523,,0.0317163467407226,1.4825494289398191,1.969440460205078,14.81893801689148,6.378921508789063,,
Mbed-tls,constant2,mbedtls_mpi_lt_mpi_ct,0.0181529521942138,0.0575861930847168,,1.1116464138031006,4.87582802772522,0.8077061176300049,,1.109290599822998,5.104629755020142,0.8788907527923584,,1.1618709564208984,5.104652404785156,0.8322908878326416,,1.12241530418396,5.215653657913208,0.8704996109008789,,0.0136311054229736,0.0622460842132568,1.1500277519226074,4.895524501800537,0.8210201263427734,,0.024101972579956,0.063852310180664,1.1408770084381104,5.133767604827881,0.8596961498260498,,0.0142884254455566,0.058093786239624,1.1411068439483645,5.092824220657349,0.8469429016113281,,0.0218534469604492,0.0657024383544921,1.1300153732299805,5.107265949249268,0.8529887199401855,,
Mbed-tls,constant2,mbedtls_ct_rsaes_pkcs1_v15_unpadding,0.0161685943603515,0.05865478515625,,1.1544849872589111,4.942670106887817,0.8622989654541016,,1.1524415016174316,5.195183515548706,0.978905439376831,,1.1069014072418213,5.227525472640991,0.9183313846588136,,1.1792633533477783,5.186767101287842,0.889045000076294,,0.015141487121582,0.0575878620147705,1.2470767498016355,4.946146488189697,0.8652646541595459,,0.020698070526123,0.0657000541687011,1.2511615753173828,5.269792079925537,0.8918523788452148,,0.0132322311401367,0.0625450611114502,1.2500693798065186,5.185363054275513,0.8986330032348633,,0.0190834999084472,0.0594401359558105,1.2511847019195557,5.179074048995972,0.9134922027587892,,
Mbed-tls,constant2,mbedtls_mpi_safe_cond_assign,0.0525646209716796,1.9086799621582031,,1.2654814720153809,5.004360675811768,0.8751471042633057,,1.266545057296753,5.270937204360962,0.9081308841705322,,1.2775402069091797,5.279483795166016,0.9297597408294678,,1.262434720993042,5.262002944946289,0.9451181888580322,,0.0523011684417724,1.7311148643493652,1.3618791103363037,4.967358827590942,0.8540959358215332,,0.0534956455230712,1.8913753032684328,1.4210155010223389,5.206441640853882,0.925910234451294,,0.0576894283294677,1.8567593097686768,1.3987140655517578,5.208367347717285,0.9528295993804932,,0.0544285774230957,1.9167733192443848,1.402482271194458,5.212270975112915,0.9672074317932128,,
Mbed-tls,constant2,mbedtls_mpi_core_lt_ct,0.0184500217437744,0.058521032333374,,1.0880115032196045,4.769089698791504,0.7806708812713623,,1.1824538707733154,4.999208450317383,0.8395419120788574,,1.0766172409057615,5.043948888778687,0.8357138633728027,,1.1054108142852783,5.027684450149536,0.8205983638763428,,0.018218994140625,0.0616567134857177,1.1314609050750732,4.722548961639404,0.7868642807006836,,0.0182416439056396,0.0677523612976074,1.1472547054290771,5.018082618713379,0.8651306629180908,,0.0185503959655761,0.0666029453277587,1.1310911178588867,5.0118727684021,0.8648667335510254,,0.0152933597564697,0.0681374073028564,1.1444010734558103,5.06644082069397,0.8578262329101562,,
Mbed-tls,constant2,mbedtls_mpi_safe_cond_swap,0.0469806194305419,1.8606529235839844,,1.263293743133545,5.014310836791992,0.9242396354675292,,1.2821927070617676,5.242375135421753,0.9502785205841064,,1.273658275604248,5.269880533218384,1.031303644180298,,1.2671043872833252,5.252746820449829,1.0054244995117188,,0.0527920722961425,1.8035826683044436,1.397817611694336,4.993799448013306,0.8786876201629639,,0.0530850887298584,1.8585023880004885,1.3819878101348877,5.12653374671936,0.8983311653137207,,0.04915452003479,1.8592016696929927,1.3905799388885498,5.181261301040649,0.9137308597564696,,0.0501947402954101,1.9065134525299072,1.3787260055541992,5.142979383468628,0.9064896106719972,,
Mbed-tls,constant_time_primitive,mbedtls_ct_uint_mask,0.016695499420166,0.057460069656372,,1.167799711227417,5.093944787979126,0.9095327854156494,,1.0734410285949707,4.913625001907349,0.8105902671813965,,1.0884709358215332,4.9637672901153564,0.8215839862823486,,1.0612008571624756,4.974169969558716,0.8137428760528564,,0.0121815204620361,0.0598981380462646,1.0885450839996338,4.982163429260254,0.826361894607544,,0.0166914463043212,0.0560483932495117,1.0748662948608398,4.977397680282593,0.8231925964355469,,0.012815237045288,0.0605008602142334,1.0802826881408691,4.950236558914185,0.813957691192627,,0.012190818786621,0.0582799911499023,1.075904369354248,4.968939065933228,0.828160285949707,,
Mbed-tls,constant_time_primitive,mbedtls_ct_base64_enc_char,0.0103757381439208,0.0583126544952392,,1.080533504486084,5.17803430557251,0.8602774143218994,,1.0946362018585205,5.106126308441162,0.8340857028961182,,1.164539098739624,5.056914329528809,0.8386952877044678,,1.0967390537261963,5.127022504806519,0.8124747276306152,,0.0179810523986816,0.0572147369384765,1.1246850490570068,5.1189866065979,0.8604412078857422,,0.0160462856292724,0.0619845390319824,1.1039748191833496,5.104375123977661,0.8182899951934814,,0.019998550415039,0.0579943656921386,1.1441819667816162,5.173142433166504,0.7917647361755371,,0.010538101196289,0.0555572509765625,1.1045634746551514,5.112734317779541,0.8277204036712646,,
Mbed-tls,constant_time_primitive,mbedtls_ct_size_mask_lt,0.0124397277832031,0.0595247745513916,,1.0974774360656738,5.043682336807251,0.8798964023590088,,1.071922779083252,4.995671510696411,0.8518309593200684,,1.0694265365600586,4.9454665184021,0.8015904426574707,,1.0720014572143557,4.955625772476196,0.8279883861541748,,0.0184047222137451,0.0579214096069335,1.0918188095092771,5.02049994468689,0.8187036514282227,,0.0189926624298095,0.0580227375030517,1.083902359008789,4.987154483795166,0.8837804794311523,,0.0183300971984863,0.051051378250122,1.073076248168945,4.9360032081604,0.85284423828125,,0.0136275291442871,0.056964635848999,1.0833148956298828,4.975423097610474,0.8286805152893066,,
Mbed-tls,constant_time_primitive,mbedtls_ct_mpi_uint_mask,0.0186007022857666,0.0594120025634765,,1.0943362712860107,4.98776650428772,0.8471002578735352,,1.092632532119751,4.942152976989746,0.8194665908813477,,1.075953722000122,4.9787757396698,0.7911155223846436,,1.073822259902954,4.937889337539673,0.8427066802978516,,0.0140182971954345,0.0517928600311279,1.0930566787719729,4.9996771812438965,0.8401594161987305,,0.0174858570098876,0.0538463592529296,1.0834510326385498,4.983069896697998,0.8166298866271973,,0.0185267925262451,0.056159496307373,1.112405776977539,5.005513429641724,0.824113130569458,,0.0169253349304199,0.053981065750122,1.0792529582977295,4.941969871520996,0.81600022315979,,
Mbed-tls,constant_time_primitive,mbedtls_ct_size_mask_ge,0.0218706130981445,0.0605444908142089,,1.091820478439331,4.896360158920288,0.8251097202301025,,1.054851770401001,5.014559507369995,0.8894093036651611,,1.1086852550506592,5.025892972946167,0.8503744602203369,,1.0644135475158691,4.928271770477295,0.8174872398376465,,0.0156786441802978,0.0569639205932617,1.160224199295044,5.12183403968811,0.8700191974639893,,0.0132501125335693,0.0513515472412109,1.097792625427246,5.028459787368774,0.8331153392791748,,0.0142760276794433,0.0565252304077148,1.1549317836761477,5.026816129684448,0.8224709033966064,,0.0176565647125244,0.0609769821166992,1.075446605682373,5.023968458175659,0.8503241539001465,,
Mbed-tls,constant_time_primitive,mbedtls_ct_memcmp,0.0128469467163085,0.0608274936676025,,1.105224370956421,4.910418272018433,0.8316471576690674,,1.078702688217163,5.08234977722168,0.8251659870147705,,1.084472894668579,4.993584871292114,0.8288586139678955,,1.0931332111358645,5.083850145339966,0.845360279083252,,0.0191049575805664,0.0617201328277587,1.1017780303955078,4.984844207763672,0.8452832698822021,,0.0195851325988769,0.0597047805786132,1.1056184768676758,5.072628498077393,0.857574462890625,,0.0111646652221679,0.0564897060394287,1.101015567779541,5.074817657470703,0.8317136764526367,,0.0193331241607666,0.0624086856842041,1.087141513824463,5.082746267318726,0.8440425395965576,,
Mbed-tls,constant_time_primitive,mbedtls_ct_mpi_uint_cond_assign,0.012009859085083,0.0520904064178466,,1.077953577041626,4.87476658821106,0.3732790946960449,,1.0859498977661133,5.085626840591431,0.404310941696167,,1.1206889152526855,4.9362897872924805,0.4014172554016113,,1.0834662914276123,5.01239824295044,0.3986146450042724,,0.0168149471282959,0.0613062381744384,1.1197795867919922,5.007967710494995,0.3908841609954834,,0.0159802436828613,0.0620596408843994,1.1241602897644043,5.091277837753296,0.3896529674530029,,0.0179312229156494,0.060368537902832,1.1136739253997805,5.125247955322266,0.4471867084503174,,0.0205879211425781,0.0587668418884277,1.1179182529449463,5.081668376922607,0.4387917518615722,,
Mbed-tls,constant_time_primitive,mbedtls_ct_memcpy_offset,0.0185315608978271,0.05918550491333,,1.109724044799805,4.903785228729248,0.4071989059448242,,1.1887688636779783,5.091308832168579,0.4157111644744873,,1.1403181552886963,5.079744815826416,0.4140772819519043,,1.1801986694335938,5.134433507919312,0.4220204353332519,,0.0142028331756591,0.059169054031372,1.143409252166748,5.072486639022827,0.3958652019500732,,0.0150349140167236,0.0614187717437744,1.141162633895874,5.120576858520508,0.4324836730957031,,0.0172765254974365,0.0575485229492187,1.125505447387695,5.146828651428223,0.4277918338775635,,0.0185956954956054,0.06282639503479,1.1527056694030762,5.16764497756958,0.4146621227264404,,
Mbed-tls,constant_time_primitive,mbedtls_ct_size_bool_eq,0.0146784782409667,0.0568399429321289,,1.0731687545776367,4.732633113861084,0.7935504913330078,,1.0801868438720703,5.035002946853638,0.8275754451751709,,1.1107261180877686,4.937160015106201,0.84177565574646,,1.0903034210205078,4.950133323669434,0.8438713550567627,,0.0174787044525146,0.0602023601531982,1.110642671585083,4.927757978439331,0.801647424697876,,0.0166001319885253,0.0612287521362304,1.099565029144287,4.939963102340698,0.8361556529998779,,0.0117151737213134,0.0612220764160156,1.0909132957458496,5.034616231918335,0.8208167552947998,,0.0157601833343505,0.0577142238616943,1.122844696044922,5.01334285736084,0.8747467994689941,,
Mbed-tls,constant_time_primitive,mbedtls_ct_base64_dec_value,0.0122842788696289,0.058023452758789,,1.080151081085205,4.90751576423645,0.82863450050354,,1.1056902408599854,5.140763521194458,0.8486580848693848,,1.1487951278686523,5.0270185470581055,0.823176383972168,,1.0826504230499268,5.088486433029175,0.8546109199523926,,0.0180175304412841,0.0592124462127685,1.1417837142944336,5.126260042190552,0.8344807624816895,,0.0162410736083984,0.0606980323791503,1.126387596130371,5.193522930145264,0.8718364238739014,,0.0122432708740234,0.0613958835601806,1.1072473526000977,5.129061937332153,0.8278944492340088,,0.0164234638214111,0.0550706386566162,1.0909719467163086,5.123216867446899,0.8615849018096924,,
Mbed-tls,constant_time_primitive,mbedtls_ct_size_mask,0.0158276557922363,0.0614933967590332,,1.059623956680298,4.8073036670684814,0.8405137062072754,,1.105736494064331,4.999331712722778,0.8504717350006104,,1.1390948295593262,4.981528520584106,0.8386340141296387,,1.0709307193756104,4.998350143432617,0.8455140590667725,,0.0188283920288085,0.0628683567047119,1.1126694679260254,5.034326076507568,0.817763090133667,,0.0186738967895507,0.0610542297363281,1.1115875244140625,4.95180082321167,0.8400125503540039,,0.0163006782531738,0.0586774349212646,1.1542162895202637,5.154833078384399,0.7875888347625732,,0.0196831226348876,0.0584838390350341,1.1037893295288086,4.997860908508301,0.811058521270752,,
Mbed-tls,DES,crypt_cbc,0.0285882949829101,0.1397435665130615,,1.2694718837738037,6.907355546951294,1.6079318523406982,,1.218320369720459,6.972484350204468,1.5940895080566406,,1.2603976726531982,7.021539926528931,1.6972849369049072,,1.2918226718902588,6.968203544616699,1.6040492057800293,,0.0190374851226806,0.1358470916748047,1.4128432273864746,6.9841063022613525,1.6518049240112305,,0.0247097015380859,0.1504502296447754,1.3905086517333984,6.966486930847168,1.6279549598693848,,0.0262506008148193,0.1312525272369384,1.4048891067504885,6.9744791984558105,1.70770263671875,,0.0177211761474609,0.1426665782928466,1.4384765625,6.989884614944458,1.605356216430664,,
libfixedtimefixedpoint,fix_pow,fix_pow,0.1049091815948486,0.8108377456665039,,5.363463163375855,18.38758134841919,3605.431732416153,,5.279464960098267,18.62732696533203,3.675369739532471,,5.422223567962647,18.4880211353302,3623.387229204178,,5.3951334953308105,19.16674542427063,4.037946462631226,,0.0848517417907714,0.5538961887359619,9.39702606201172,21.7329580783844,3.2019460201263428,,0.1056840419769287,0.7358450889587402,9.06729531288147,22.551101446151733,3.7947936058044434,,0.1123530864715576,0.8286261558532715,8.781905889511108,21.627354383468628,3.383854389190674,,0.0999019145965576,0.8103961944580078,9.29447340965271,22.578805208206177,3.85526704788208,,
libfixedtimefixedpoint,fix_cmp,fix_cmp,0.0949532985687255,0.5090625286102295,,1.2812871932983398,5.2415080070495605,0.8477866649627686,,1.3146309852600098,5.206283807754517,0.8365421295166016,,1.2972464561462402,5.282485723495483,0.8392412662506104,,1.316166877746582,5.219255685806274,0.8194100856781006,,0.0842795372009277,0.4293539524078369,1.4983665943145752,5.191365480422974,0.851179838180542,,0.0908362865447998,0.4777507781982422,1.5075531005859375,5.296341896057129,0.8732998371124268,,0.087104320526123,0.4973535537719726,1.4833965301513672,5.299705743789673,0.8563182353973389,,0.0892744064331054,0.5010991096496582,1.5025746822357178,5.30901026725769,0.872711181640625,,
libfixedtimefixedpoint,fix_ln,fix_ln,0.089280366897583,0.5319557189941406,,4.3649985790252686,14.486755132675173,2.057434320449829,,4.408341646194458,14.90605902671814,2.05371618270874,,4.23835563659668,14.826196670532228,2.2949650287628174,,4.22358775138855,14.707592725753784,2.230232715606689,,0.0858674049377441,0.5041244029998779,5.7596588134765625,17.28780221939087,2.029262065887451,,0.0855889320373535,0.5283269882202148,5.527904748916626,17.03020453453064,2.083132266998291,,0.0834181308746337,0.5245084762573242,5.877852439880371,16.86975860595703,2.08820915222168,,0.0862271785736084,0.4783215522766113,5.612135648727417,16.669882774353027,2.2739968299865723,,
libfixedtimefixedpoint,fix_eq,fix_eq,0.09759521484375,0.5042767524719238,,1.2694323062896729,5.271184921264648,0.9095876216888428,,1.3286621570587158,5.243061780929565,0.8021817207336426,,1.2928035259246826,5.223405599594116,0.854116678237915,,1.3352105617523191,5.259111166000366,0.8503372669219971,,0.0864362716674804,0.4291610717773437,1.45105242729187,5.203399419784546,0.867321252822876,,0.0986216068267822,0.5023641586303711,1.4799771308898926,5.277866125106812,0.8720316886901855,,0.0933508872985839,0.518110990524292,1.4988582134246826,5.328285455703735,0.857109546661377,,0.0906062126159668,0.5028345584869385,1.484692096710205,5.244701385498047,0.8642237186431885,,
FourQlib,ECC_double,eccdouble,0.0328476428985595,0.1858844757080078,,1.1211462020874023,4.87174391746521,0.8301215171813965,,1.1157293319702148,4.98124885559082,0.8058207035064697,,1.107412815093994,4.94491720199585,0.8163611888885498,,1.1279666423797607,5.0168633460998535,0.9048521518707277,,0.026477575302124,0.1778652667999267,1.1542072296142578,4.806668996810913,0.8028714656829834,,0.0325357913970947,0.1917090415954589,1.1432812213897705,5.1169164180755615,0.8160288333892822,,0.0296893119812011,0.1919741630554199,1.1447043418884275,5.11765193939209,0.8320386409759521,,0.0264725685119628,0.1871821880340576,1.1746008396148682,5.088453054428101,0.8331429958343506,,
FourQlib,ECC_madd,eccmadd,0.0334484577178955,0.3813204765319824,,1.3220868110656738,5.472692966461182,9.163044691085815,,1.338247776031494,5.7480528354644775,12.828366994857788,,1.380049228668213,5.732320785522461,14.57772946357727,,1.3593852519989014,5.736699104309082,27.63123917579651,,0.0265727043151855,0.3734831809997558,1.4644107818603516,5.493424654006958,7.232528209686279,,0.0271077156066894,0.3804218769073486,1.4392518997192385,5.794580936431885,8.218329668045044,,0.0339953899383544,0.3770155906677246,1.4672667980194092,5.7687976360321045,7.814282178878784,,0.0381844043731689,0.3830142021179199,1.4502413272857666,5.725781679153442,8.129333972930908,,
FourQlib,ECC_norm,eccnorm,0.0369503498077392,0.3801770210266113,,1.4200282096862793,6.092142105102539,15.50714111328125,,1.429534673690796,6.032066345214844,20.591299772262573,,1.4434969425201416,6.042977571487427,30.24811816215515,,1.4181160926818848,6.088576793670654,54.40485310554504,,0.0251898765563964,0.3683531284332275,1.5506207942962646,6.036715507507324,13.897753715515137,,0.0305678844451904,0.3809614181518554,1.5840680599212646,6.133439540863037,14.396493911743164,,0.0366699695587158,0.3809165954589844,1.521817684173584,6.1547369956970215,14.419620990753174,,0.0371005535125732,0.3838460445404053,1.535572528839111,6.074304580688477,14.952089071273804,,
libsodium,Auth,crypto_auth_hmacsha256,0.0387828350067138,13.749204397201538,,7.316343307495117,26.87316417694092,134.40927505493164,,4.729957342147827,26.338999032974243,332.41174149513245,,4.769074440002441,25.77202820777893,308.8301782608032,,4.836196660995483,25.93116593360901,226.0896034240723,,0.0280792713165283,10.898257732391356,8.210361957550049,29.0300395488739,135.35293197631836,,0.0281882286071777,12.30087423324585,8.493825912475586,30.38604688644409,150.19703841209412,,0.0310885906219482,12.567846775054932,8.334587097167969,30.18224000930786,121.74454498291016,,0.0386824607849121,12.428541660308838,8.389479875564575,30.167383432388306,114.32427835464478,,
libsodium,Aead,crypto_aead_chacha20poly1305_decrypt,0.0344665050506591,1.6555321216583252,,2.051482915878296,9.266902208328249,21.47844791412353,,2.072027444839477,9.510255813598633,25.95570921897888,,2.0376522541046143,9.427174091339111,227.9620532989502,,2.056337118148804,9.4228036403656,145.2396969795227,,0.0249865055084228,1.449087381362915,2.5839169025421143,9.511972188949583,3.515098094940185,,0.0367782115936279,1.6723318099975586,2.587404727935791,9.884902000427246,3.774414777755737,,0.0311477184295654,1.634504795074463,2.5806264877319336,9.538663625717165,3.7638368606567374,,0.02386474609375,1.6252994537353516,2.586780309677124,9.560532093048096,3.482266664505005,,
libsodium,Salsa20,crypto_core_salsa20,0.0217287540435791,0.1192831993103027,,1.2092645168304443,5.64314079284668,1.129695177078247,,1.2544593811035156,5.516278505325317,1.0834829807281494,,1.234621524810791,5.568273067474365,1.1705682277679443,,1.2008798122406006,5.694449186325073,1.1719586849212646,,0.0199224948883056,0.1149227619171142,1.3866140842437744,5.765403747558594,1.1287024021148682,,0.0191154479980468,0.1137661933898925,1.3953285217285156,5.809703350067139,1.0846376419067385,,0.0200622081756591,0.1088519096374511,1.3702187538146973,5.797478199005127,1.082309007644653,,0.0276484489440917,0.1131255626678466,1.3516223430633545,5.620927810668945,1.0858795642852783,,
libsodium,ChaCha20,crypto_stream_chacha20,0.0333490371704101,2.518452882766724,,1.7193195819854736,7.626538991928101,1.4468612670898438,,1.727844476699829,7.920679330825806,1.6281204223632812,,1.6756293773651123,7.830369234085083,1.6334314346313477,,1.7006309032440186,7.8228232860565186,2.030898332595825,,0.0255694389343261,2.338154554367065,1.941971778869629,7.93493127822876,1.782940149307251,,0.0252332687377929,2.6504547595977783,2.0061609745025635,8.161222457885742,1.8385632038116453,,0.0247576236724853,2.677698135375977,2.004504680633545,8.037108659744263,1.6318883895874023,,0.026263952255249,2.54758882522583,1.9910521507263184,8.107669591903687,1.6964070796966553,,
libsodium,Poly1305,crypto_onetimeauth_poly1305_donna,0.0252950191497802,0.1270270347595214,,1.4236500263214111,5.8998799324035645,1.3598675727844238,,1.422290563583374,6.083628416061401,1.7683453559875488,,1.3988194465637207,6.043052673339844,1.864931344985962,,1.4333088397979736,6.038561582565308,1.8098840713500977,,0.0157196521759033,0.1244955062866211,1.4918243885040283,6.017638206481934,1.4068982601165771,,0.0272526741027832,0.1303143501281738,1.535888910293579,6.101613998413086,1.4221925735473633,,0.019855260848999,0.1344485282897949,1.4549310207366943,5.97816014289856,1.7744851112365725,,0.0213680267333984,0.1294705867767334,1.5246977806091309,6.241791963577271,1.5965120792388916,,
libsodium,Sha512,crypto_hash_sha512,0.040694236755371,14.096187829971312,,7.224932909011841,35.12962889671326,78.0071234703064,,7.09407114982605,34.068378925323486,59.139554262161255,,7.110044479370117,35.343345403671265,195.70571041107175,,6.861609935760498,33.89303684234619,3679.7047424316406,,0.0331463813781738,14.30737280845642,12.453259706497192,40.03856372833252,50.00072860717773,,0.0347349643707275,15.551435232162476,12.200997829437256,39.632861852645874,55.53166031837464,,0.0362539291381835,14.436713457107544,12.068504810333252,39.4284086227417,74.23625946044922,,0.0311079025268554,14.28637981414795,12.492820262908936,38.59722065925598,43.50094509124756,,
libsodium,Sha256,crypto_hash_sha256,0.0343022346496582,11.830315828323364,,4.907567501068115,27.48131918907165,175.99095273017883,,4.898354768753052,28.26168298721313,89.60265779495239,,4.891839981079102,27.678918838500977,485.1942105293274,,4.800816297531128,28.38320541381836,82.28252387046814,,0.0327324867248535,12.79748511314392,8.175399541854858,31.01674032211304,54.410070180892944,,0.0343432426452636,12.456889629364014,8.508670568466187,32.53766489028931,79.21077990531921,,0.0338678359985351,11.756510972976685,8.280767917633057,31.55748057365417,79.05622959136963,,0.0330803394317626,11.052125453948976,8.808829307556152,32.987277030944824,46.92864489555359,,
